{
	"schemaVersion": 1,
	"id": "submerged",
	"version": "${version}",
	"name": "submerged",
	"description": "This is an example description! Tell everyone what your mod is about!",
	"authors": [
		"Me!"
	],
	"contact": {
		"homepage": "https://fabricmc.net/",
		"sources": "https://github.com/FabricMC/fabric-example-mod"
	},
	"license": "CC0-1.0",
	"icon": "assets/submerged/icon.png",
	"environment": "*",
	"entrypoints": {
		"main": [
			"net.autra.submerged.Submerged"
		],
		"fabric-datagen": [
			"net.autra.submerged.SubmergedDataGenerator"
		]
	},
	"mixins": [
		"submerged.mixins.json"
	],
	"depends": {
		"fabricloader": ">=0.16.3",
		"minecraft": "~1.20.1",
		"java": ">=17",
		"fabric-api": "*"
	},
	"suggests": {
		"another-mod": "*"
	}
}